{"ref_main_effects": [0.03845555225606118, 0.0038800420096229953, 0.009995198188236, 0.05732164896741392], "ref_joint_effects": [0.042969472185709255, 0.043672987601387506, 0.09514664586134924, 0.01238049839435986, 0.06391940479088921, 0.06902751502825652], "important_features": [0, 1, 2, 3], "important_pairs": [[0, 1], [0, 2], [0, 3], [1, 2], [1, 3], [2, 3]], "ref_fis": [[[0, 1], 0.0006338779200250767], [[0, 2], 0.0047777628429096775], [[0, 3], 0.0006305553621258619], [[1, 2], 0.001494741803499136], [[1, 3], 0.0027177138138522947], [[2, 3], 0.0017106678726065971]]}