{"pair_idx_0": {"feature_idx": [0, 1], "results": {"ref": 0.0006338779200250767, "min": 1.1130519280302606e-05, "max": 0.004412882744437534}}, "pair_idx_1": {"feature_idx": [0, 2], "results": {"ref": 0.0047777628429096775, "min": 0.00022018544281141895, "max": 0.007455301231015352}}, "pair_idx_2": {"feature_idx": [0, 3], "results": {"ref": 0.0006305553621258619, "min": 1.2535770798342838e-05, "max": 0.007636208708672439}}, "pair_idx_3": {"feature_idx": [1, 2], "results": {"ref": 0.001494741803499136, "min": 9.525344485532099e-05, "max": 0.0025898630943159227}}, "pair_idx_4": {"feature_idx": [1, 3], "results": {"ref": 0.0027177138138522947, "min": 5.114034290966407e-06, "max": 0.0059828717858122216}}, "pair_idx_5": {"feature_idx": [2, 3], "results": {"ref": 0.0017106678726065971, "min": 5.449848186345196e-07, "max": 0.006048863014037689}}}