{"pair_idx_0": {"feature_idx": [0, 1], "results": {"ref": 0.0021465706745078268, "min": 3.871167558762781e-06, "max": 0.003614377168362935}}, "pair_idx_1": {"feature_idx": [0, 2], "results": {"ref": 0.003962414918106097, "min": 0.0005855214685388053, "max": 0.006532032759650188}}, "pair_idx_2": {"feature_idx": [0, 3], "results": {"ref": 0.005724475503176001, "min": 4.127002254940282e-05, "max": 0.007190800274680283}}, "pair_idx_3": {"feature_idx": [1, 2], "results": {"ref": 0.002200628299532258, "min": 0.0002990185175059737, "max": 0.0029359708416530714}}, "pair_idx_4": {"feature_idx": [1, 3], "results": {"ref": 0.0012543855515357236, "min": 6.654448830287207e-06, "max": 0.004467601128104522}}, "pair_idx_5": {"feature_idx": [2, 3], "results": {"ref": 0.0019040898571848208, "min": 4.696757400758644e-06, "max": 0.005300594343602576}}}