{"pair_idx_0": {"feature_idx": [0, 1], "results": {"ref": 0.0009003014202461938, "min": 4.348425253410983e-06, "max": 0.00341825834314301}}, "pair_idx_1": {"feature_idx": [0, 2], "results": {"ref": 0.0024987842703522896, "min": 0.0017722285755152577, "max": 0.006619950016163223}}, "pair_idx_2": {"feature_idx": [0, 3], "results": {"ref": 0.0011050691935237458, "min": 1.1416527415181177e-05, "max": 0.006827110229209038}}, "pair_idx_3": {"feature_idx": [1, 2], "results": {"ref": 0.0005180437012473685, "min": 4.5042810456003e-05, "max": 0.0032906543283333185}}, "pair_idx_4": {"feature_idx": [1, 3], "results": {"ref": 0.0007951883974444823, "min": 2.9142080101851597e-06, "max": 0.004668795588153932}}, "pair_idx_5": {"feature_idx": [2, 3], "results": {"ref": 0.0006442108071462727, "min": 4.4089796572416295e-06, "max": 0.004423330784905269}}}