{"ref_main_effects": [0.007435100009278729, 0.002371894052725703, 0.0014434434154680744, 0.006256698958449894, 0.006993179147294474, 0.0005208732215847673, 0.0026418777361896487, 0.005601976936455271, 0.0022496531586976534, 0.002193610014713385, 0.0011251293367938032, 0.0025302189738341118, 0.0009378477084753868, 0.002062395885880253, 0.002500585944903175, 0.0016766070345266364, 0.0029690113118934513, 0.0018070752100471563, 0.014602541428037038, 0.021868373166363846], "ref_joint_effects": [0.009317865688664656, 0.008619868331388548, 0.013554582503169444, 0.012863251432820052, 0.007760579187506781, 0.009985917529025532, 0.012677912803266482, 0.009637591106140991, 0.008982620573623859, 0.008027940637934699, 0.009038300245529768, 0.008471396451454621, 0.009275343040104628, 0.010244496115517336, 0.008755962532689099, 0.009711734173264017, 0.008385961324199403, 0.02108294070214284, 0.02960242334989406, 0.0037510789567026504, 0.008731029379140914, 0.009595429385392547, 0.003146840253613271, 0.005628308560620864, 0.008662542033184286, 0.0051970112568354605, 0.004634909530304555, 0.003617615564886201, 0.004764194900044953, 0.003180579242777535, 0.004403524623893738, 0.005128435224194018, 0.004060408744836548, 0.005339623748788817, 0.004309222127179296, 0.01721663069920042, 0.023040276294040412, 0.007072972059642796, 0.008685220980494936, 0.0020172260062534353, 0.003814292486111145, 0.007140065650527987, 0.003912858981341524, 0.0037686670789865173, 0.002412353618402648, 0.003855011357227969, 0.0022513743439750403, 0.0033644415972579156, 0.003915716685043556, 0.003094821432908228, 0.004258567905140953, 0.0030943878919134165, 0.016441126375985445, 0.023411955975901934, 0.013808090385700597, 0.0071808704592371, 0.008703653852536436, 0.013030458718422197, 0.00853579444437766, 0.008751270708170346, 0.0069804744940132266, 0.008309469760902168, 0.00708547461870496, 0.007675302455241171, 0.008338341771022663, 0.007075486472890231, 0.009040879964507918, 0.008372726245840857, 0.021514370092133278, 0.02931069317372511, 0.007517870169493183, 0.009512889664647063, 0.011830047386275116, 0.009456058035908604, 0.009016139981667979, 0.007575426349597561, 0.00954299080546182, 0.0077412353351058415, 0.008767870521457624, 0.009620936233729581, 0.007817620269894295, 0.009999424446304306, 0.008445912438030074, 0.022093614090241787, 0.02866947270517734, 0.0032327469227355064, 0.006134516050731899, 0.0029040100237019795, 0.0025397030200012926, 0.0018469799237530904, 0.0027738729582381474, 0.00156698613220905, 0.0025846918370360547, 0.0029394898907747348, 0.002054977058776142, 0.002963809977925907, 0.0021613506199241466, 0.014767445490055717, 0.022172022759393957, 0.008745218554519821, 0.004944203803922759, 0.003921495188597409, 0.0033046296299254663, 0.004296941511992419, 0.003349341985766544, 0.005024685762985861, 0.004877128147305839, 0.0041404374256814765, 0.005284737186168028, 0.004411469400497038, 0.017284107428237234, 0.02382133604124136, 0.007815432515696292, 0.007495519444556025, 0.006435847840948578, 0.008359389618446487, 0.006314497128032866, 0.007349854839379827, 0.00803935057104416, 0.007409473281134714, 0.00810181429018303, 0.007214384925808646, 0.020087391698668768, 0.027066545344136585, 0.0041887671261657666, 0.0034161339507631848, 0.004805802148636542, 0.003187664750684976, 0.004265967992133189, 0.004768461948844241, 0.003723189451304678, 0.004978807741674201, 0.003744377616084296, 0.0172015204428873, 0.023151166253678527, 0.004089169141659547, 0.004001752785100848, 0.0031548090792400886, 0.004063421773277648, 0.004366196833825612, 0.0034525535357209113, 0.005172858753064424, 0.0038209578473375537, 0.0162846777265445, 0.023935983280064105, 0.003020767684154393, 0.002143005849809495, 0.0030067423962076988, 0.0034797969629108195, 0.0029398729139677436, 0.004001671468889851, 0.0031711630070602455, 0.015777731092243664, 0.022847041910777566, 0.0032056482207187998, 0.004492540642148997, 0.004592255350191171, 0.003872748500381186, 0.005195162912968097, 0.003991247896933716, 0.016857001471580677, 0.024561356351509096, 0.0031458672518512834, 0.003512618460211702, 0.0024869265330566604, 0.003912415256414857, 0.0028237384937146843, 0.015981172724051175, 0.023272352149245005, 0.00515880191263025, 0.003907064444542998, 0.005130275952670705, 0.0039776666036217875, 0.016227873787601824, 0.02472547481527674, 0.004437958423342736, 0.005557247507569588, 0.004369944999915431, 0.01696998243684059, 0.024684745338005125, 0.004376641233593673, 0.0028540754983234916, 0.0157374060542648, 0.022959125373041747, 0.004732960656218518, 0.017305410944623942, 0.027903204359833594, 0.015688342130295567, 0.02649700158419258, 0.04222072472821316], "important_features": [0, 1, 2, 3, 4, 5, 6, 7, 8, 9, 10, 11, 12, 13, 14, 15, 16, 17, 18, 19], "important_pairs": [[0, 1], [0, 2], [0, 3], [0, 4], [0, 5], [0, 6], [0, 7], [0, 8], [0, 9], [0, 10], [0, 11], [0, 12], [0, 13], [0, 14], [0, 15], [0, 16], [0, 17], [0, 18], [0, 19], [1, 2], [1, 3], [1, 4], [1, 5], [1, 6], [1, 7], [1, 8], [1, 9], [1, 10], [1, 11], [1, 12], [1, 13], [1, 14], [1, 15], [1, 16], [1, 17], [1, 18], [1, 19], [2, 3], [2, 4], [2, 5], [2, 6], [2, 7], [2, 8], [2, 9], [2, 10], [2, 11], [2, 12], [2, 13], [2, 14], [2, 15], [2, 16], [2, 17], [2, 18], [2, 19], [3, 4], [3, 5], [3, 6], [3, 7], [3, 8], [3, 9], [3, 10], [3, 11], [3, 12], [3, 13], [3, 14], [3, 15], [3, 16], [3, 17], [3, 18], [3, 19], [4, 5], [4, 6], [4, 7], [4, 8], [4, 9], [4, 10], [4, 11], [4, 12], [4, 13], [4, 14], [4, 15], [4, 16], [4, 17], [4, 18], [4, 19], [5, 6], [5, 7], [5, 8], [5, 9], [5, 10], [5, 11], [5, 12], [5, 13], [5, 14], [5, 15], [5, 16], [5, 17], [5, 18], [5, 19], [6, 7], [6, 8], [6, 9], [6, 10], [6, 11], [6, 12], [6, 13], [6, 14], [6, 15], [6, 16], [6, 17], [6, 18], [6, 19], [7, 8], [7, 9], [7, 10], [7, 11], [7, 12], [7, 13], [7, 14], [7, 15], [7, 16], [7, 17], [7, 18], [7, 19], [8, 9], [8, 10], [8, 11], [8, 12], [8, 13], [8, 14], [8, 15], [8, 16], [8, 17], [8, 18], [8, 19], [9, 10], [9, 11], [9, 12], [9, 13], [9, 14], [9, 15], [9, 16], [9, 17], [9, 18], [9, 19], [10, 11], [10, 12], [10, 13], [10, 14], [10, 15], [10, 16], [10, 17], [10, 18], [10, 19], [11, 12], [11, 13], [11, 14], [11, 15], [11, 16], [11, 17], [11, 18], [11, 19], [12, 13], [12, 14], [12, 15], [12, 16], [12, 17], [12, 18], [12, 19], [13, 14], [13, 15], [13, 16], [13, 17], [13, 18], [13, 19], [14, 15], [14, 16], [14, 17], [14, 18], [14, 19], [15, 16], [15, 17], [15, 18], [15, 19], [16, 17], [16, 18], [16, 19], [17, 18], [17, 19], [18, 19]],