{"ref_main_effects": [0.039198253375408054, 0.003996437087835718, 0.01063182725798729, 0.05904628456343513], "ref_joint_effects": [0.041048119788735946, 0.045867665715289246, 0.09252006243566718, 0.01242763604629075, 0.06429710720280657, 0.0677740219642376], "important_features": [0, 1, 2, 3], "important_pairs": [[0, 1], [0, 2], [0, 3], [1, 2], [1, 3], [2, 3]], "ref_fis": [[[0, 1], 0.0021465706745078268], [[0, 2], 0.003962414918106097], [[0, 3], 0.005724475503176001], [[1, 2], 0.002200628299532258], [[1, 3], 0.0012543855515357236], [[2, 3], 0.0019040898571848208]]}