{"ref_main_effects": [0.03826130860035149, 0.00362771465760191, 0.009916082438506352, 0.05716858577482686], "ref_joint_effects": [0.04098872183770721, 0.045678606768505554, 0.09432482518165461, 0.013025753394860895, 0.06159148882987325, 0.06772887902047948], "important_features": [0, 1, 2, 3], "important_pairs": [[0, 1], [0, 2], [0, 3], [1, 2], [1, 3], [2, 3]], "ref_fis": [[[0, 1], 0.0009003014202461938], [[0, 2], 0.0024987842703522896], [[0, 3], 0.0011050691935237458], [[1, 2], 0.0005180437012473685], [[1, 3], 0.0007951883974444823], [[2, 3], 0.0006442108071462727]]}